Year,Total Institutions,New Institutions,Closed Institutions,Total Intake,Girl's Enrolment,Boy's Enrolment,Faculty,#Students Passed,Placement,Not_placed,placement_ratio
2012-13,10272.0,321.0,73.0,3463402.0,726105.0,1431295.0,392270.0,1380789.0,560640.0,820149.0,0.40602872705388005
2013-14,10300.0,157.0,108.0,3723719.0,571138.0,1618179.0,533352.0,1504802.0,613106.0,891696.0,0.40743300447500735
2014-15,10334.0,244.0,77.0,3961670.0,554665.0,1587283.0,682079.0,1585743.0,673837.0,911906.0,0.42493455749134634
2015-16,10329.0,174.0,123.0,3836181.0,553264.0,1532071.0,698554.0,1636939.0,701031.0,935908.0,0.4282572533246505
2016-17,10365.0,293.0,155.0,3702582.0,529928.0,1424844.0,692191.0,1709053.0,722494.0,986559.0,0.4227452279127681
2017-18,10400.0,326.0,105.0,3552377.0,524796.0,1370544.0,698290.0,1527081.0,714574.0,812507.0,0.4679345758345497
2018-19,10426.0,548.0,53.0,3392834.0,517115.0,1316060.0,587494.0,2129757.0,761835.0,1367922.0,0.3577098232333548
